Название,Цена,Ссылка
Картина Пион Beige,6490,https://www.divan.ru/product/kartina-pion-beige
Картина Пион Ocher,6490,https://www.divan.ru/product/kartina-pion-ocher
Картина Рельеф-1 Terracota Ach,2690,https://www.divan.ru/product/kartina-relef-1-terracota-ach
Картина Рельеф-2 Terracota Ach,2690,https://www.divan.ru/product/kartina-relef-2-terracota-ach
Картина Рельеф Mint Arch,4990,https://www.divan.ru/product/kartina-relef-mint-arch
Картина Рельеф White Arches,4290,https://www.divan.ru/product/kartina-relef-white-arches
Картина Рельеф-1 White Geometry,4290,https://www.divan.ru/product/kartina-relef-1-white-geometry
Картина Рельеф White Round,4290,https://www.divan.ru/product/kartina-relef-white-round
Картина Рельеф-2 White Geometry,4290,https://www.divan.ru/product/kartina-relef-2-white-geometry
Картина Флорал-2 Green,1990,https://www.divan.ru/product/kartina-floral-2-green
Картина Флорал-1 Green,1990,https://www.divan.ru/product/kartina-floral-1-green
Картина Флорал Beige Patterns,2590,https://www.divan.ru/product/kartina-floral-beige-patterns
Картина Флорал Beige Figures,2590,https://www.divan.ru/product/kartina-floral-beige-figures
Картина Флер Olive,1990,https://www.divan.ru/product/kartina-fler-olive
Картина Флер Beige,1990,https://www.divan.ru/product/kartina-fler-beige
Картина Абстракция,3990,https://www.divan.ru/product/kartina-abstraktsiya
Картина Абстракция Grey,2690,https://www.divan.ru/product/kartina-abstraktsiya-grey
Картина Абстракция Terracotta,3690,https://www.divan.ru/product/kartina-abstraktsiya-terracotta
Картина Абстракция Brown,4290,https://www.divan.ru/product/kartina-abstraktsiya-brown
Картина Абстракция Gold Arches,4790,https://www.divan.ru/product/kartina-abstraktsiya-gold-arches
Картина Абстракция Gold Circle,4790,https://www.divan.ru/product/kartina-abstraktsiya-gold-circle
Картина Ботаник Grass,990,https://www.divan.ru/product/kartina-botanik-grass
Картина Ботаник Herb,1390,https://www.divan.ru/product/kartina-botanik-herb
Картина Ботаник Bouquet,990,https://www.divan.ru/product/kartina-botanik-bouquet
Картина Ботаник Leaves,990,https://www.divan.ru/product/kartina-botanik-leaves
Картина Ботаник Flower,1390,https://www.divan.ru/product/kartina-botanik-flower
Картина Ирис-1 Grafic,690,https://www.divan.ru/product/kartina-iris-1-grafic
Картина Ирис-2 Grafic,690,https://www.divan.ru/product/kartina-iris-2-grafic
Картина Рельеф Dark Blue,3290,https://www.divan.ru/product/kartina-relef-dark-blue
Картина Рельеф Green,3290,https://www.divan.ru/product/kartina-relef-green
Картина Рельеф White,4290,https://www.divan.ru/product/kartina-relef-white
Картина Рельеф Taupe,3290,https://www.divan.ru/product/kartina-relef-taupe
Картина Рельеф Orange,3290,https://www.divan.ru/product/kartina-relef-orange
Картина Рельеф Beige,4790,https://www.divan.ru/product/kartina-relef-beige
Картина Рельеф Olive,3290,https://www.divan.ru/product/kartina-relef-olive
Картина Рельеф Grey,3290,https://www.divan.ru/product/kartina-relef-grey
Картина Силуэт Green,1990,https://www.divan.ru/product/kartina-siluet-green
Картина Силуэт Red,1990,https://www.divan.ru/product/kartina-siluet-red
Картина Графика Faces,1990,https://www.divan.ru/product/kartina-grafika-faces
Постер Бердс Dots,790,https://www.divan.ru/product/poster-berds-dots
Постер Бердс Stripes,990,https://www.divan.ru/product/poster-berds-stripes
Постер Бердс Love,990,https://www.divan.ru/product/poster-berds-love
Постер Дав Blue,990,https://www.divan.ru/product/poster-dav-blue
Постер Карта Amsterdam,1990,https://www.divan.ru/product/poster-karta-amsterdam
Постер Карта Milan,1990,https://www.divan.ru/product/poster-karta-milan
Постер Карта Rome,1990,https://www.divan.ru/product/poster-karta-rome
Постер Сити Berlin,950,https://www.divan.ru/product/poster-siti-berlin
Постер Сити London,950,https://www.divan.ru/product/poster-siti-london
